token,venue_count,venues,earliest_listing_time_utc,earliest_listing_time_sgt,listing_age_days,coingecko_id,current_price_usd,price_change_24h_pct,volume_24h_usd,market_cap_usd,match_status
MYX,3,"Binance, Bitget, Bybit",2025-06-18T12:30:00+00:00,2025-06-18 20:30:00 SGT,299.8,myx-finance,0.450583,110.641599428509,79325911.816257685423,87348037.840319275856,matched_exact_symbol_unique
BLESS,3,"Binance, Bitget, Bybit",2025-09-23T09:30:00+00:00,2025-09-23 17:30:00 SGT,202.9,bless-2,0.01838978,94.979699183795,105921559.842367514968,33929991.363436356187,matched_exact_symbol_unique
COAI,4,"Binance, Bitget, Bybit, OKX",2025-09-25T07:30:00+00:00,2025-09-25 15:30:00 SGT,201,chainopera-ai,0.474775,60.10476458448,58653932.037450172007,88377981.793847292662,matched_exact_symbol_unique
AKE,2,"Binance, Bybit",2025-09-26T12:30:00+00:00,2025-09-26 20:30:00 SGT,199.8,akedo,0.00080167,37.057178934209,6794686.904285262339,18252282.43955520913,matched_exact_symbol_unique
ON,1,Binance,2025-10-24T08:30:00+00:00,2025-10-24 16:30:00 SGT,172,orochi-network,0.14596,35.988678543923,35468597.843307189643,20831228.164320535958,matched_exact_symbol_unique
ENJ,4,"Binance, Bitget, Bybit, OKX",2019-09-25T08:00:00+00:00,2019-09-25 16:00:00 SGT,2393,enjincoin,0.04750949,35.816772990097,330369882.688131034374,93270675.1432685256,matched_exact_symbol_unique
RAVE,4,"Binance, Bitget, Bybit, OKX",2025-12-14T15:30:00+00:00,2025-12-14 23:30:00 SGT,120.7,ravedao,11.25,35.816636381411,639259587.009619951248,2790743503.518354892731,matched_exact_symbol_unique
RLS,2,"Bybit, OKX",2025-12-02T09:54:12+00:00,2025-12-02 17:54:12 SGT,132.9,rayls,0.00312266,35.42372095353,4889877.039452275261,4447736.792524776421,matched_exact_symbol_unique
FOLKS,3,"Binance, Bitget, Bybit",2025-11-06T12:30:00+00:00,2025-11-06 20:30:00 SGT,158.8,folks,1.29,30.0989171491,15214209.398814495653,18305417.287489403039,matched_exact_symbol_unique
APR,4,"Binance, Bitget, Bybit, OKX",2025-10-23T10:30:00+00:00,2025-10-23 18:30:00 SGT,172.9,apriori,0.219075,25.733304950683,8701879.15744170174,47303547.960641361773,matched_exact_symbol_unique
XPIN,3,"Binance, Bitget, Bybit",2025-09-12T08:00:00+00:00,2025-09-12 16:00:00 SGT,214,xpin-network,0.00154488,25.052511281981,5844394.055073897354,24030122.456511974335,matched_exact_symbol_unique
PLUME,4,"Binance, Bitget, Bybit, OKX",2025-01-24T06:45:00+00:00,2025-01-24 14:45:00 SGT,445,plume,0.01261256,24.235781197375,57238460.019356921315,66655854.116275288165,matched_exact_symbol_unique
KOMA,1,Binance,2024-12-10T12:15:00+00:00,2024-12-10 20:15:00 SGT,489.8,koma-inu,0.00934731,22.827999477948,5138095.259341213852,5646671.75241097901,matched_exact_symbol_unique
TAKE,1,Binance,2025-09-03T11:15:00+00:00,2025-09-03 19:15:00 SGT,222.8,overtake,0.02566034,20.026699628036,1738475.782998718321,6380750.667823680677,matched_exact_symbol_unique
EVAA,2,"Binance, Bybit",2025-10-03T10:30:00+00:00,2025-10-03 18:30:00 SGT,192.9,evaa-protocol,0.820367,19.930505192968,10045955.196408830583,5424280.858174858615,matched_exact_symbol_unique
AT,4,"Binance, Bitget, Bybit, OKX",2025-10-29T11:30:00+00:00,2025-10-29 19:30:00 SGT,166.8,apro,0.170377,17.444041001352,8616112.428257487714,39080896.470647603273,matched_exact_symbol_unique
BSB,4,"Binance, Bitget, Bybit, OKX",2026-03-25T11:45:00+00:00,2026-03-25 19:45:00 SGT,19.8,block-street,0.247757,17.015964311996,25173582.214157890528,53048090.828922741115,matched_override_map
CYS,3,"Binance, Bitget, Bybit",2025-12-12T11:00:00+00:00,2025-12-12 19:00:00 SGT,122.9,cysic,0.302388,15.896224724783,18704928.78523158282,48623960.692184001207,matched_exact_symbol_unique
UB,3,"Binance, Bitget, Bybit",2025-09-12T09:16:09+00:00,2025-09-12 17:16:09 SGT,213.9,unibase,0.02660263,13.365774836303,8039065.061231023632,66300390.957649849355,matched_exact_symbol_unique
ZEREBRO,3,"Binance, Bybit, Hyperliquid",2024-12-30T08:16:48+00:00,2024-12-30 16:16:48 SGT,470,zerebro,0.01006585,12.011700034083,5569203.084624390118,10073128.373570522293,matched_exact_symbol_unique
XAN,3,"Binance, Bitget, Bybit",2025-09-29T10:30:00+00:00,2025-09-29 18:30:00 SGT,196.9,anoma,0.00827831,11.81765993388,5183049.659662338905,20705336.366544235498,matched_exact_symbol_unique
BOME,5,"Binance, Bitget, Bybit, Hyperliquid, OKX",2024-03-15T08:52:25+00:00,2024-03-15 16:52:25 SGT,759.9,book-of-meme,0.00042009,11.705693174817,17834140.219902154058,28971401.463654730469,matched_exact_symbol_unique
MERL,5,"Binance, Bitget, Bybit, Hyperliquid, OKX",2024-04-19T10:25:00+00:00,2024-04-19 18:25:00 SGT,724.9,merlin-chain,0.02592468,11.500759835126,15697427.082957549021,31120267.212130360305,matched_exact_symbol_unique
WCT,5,"Binance, Bitget, Bybit, Hyperliquid, OKX",2025-04-15T11:00:00+00:00,2025-04-15 19:00:00 SGT,363.9,connect-token-wct,0.058409,11.241947870354,50636433.587087333202,10884069.036306880414,matched_exact_symbol_unique
ORDI,6,"Binance, Bitget, Bybit, dYdX, Hyperliquid, OKX",2023-05-21T09:55:00+00:00,2023-05-21 17:55:00 SGT,1058.9,ordinals,2.47,11.081699975548,31656111.280529431999,51986345.464804798365,matched_exact_symbol_unique
WLD,6,"Binance, Bitget, Bybit, dYdX, Hyperliquid, OKX",2023-07-24T07:48:40+00:00,2023-07-24 15:48:40 SGT,995,worldcoin-wld,0.32501,10.824513431951,180789621.505126684904,1061157192.44859457016,matched_exact_symbol_unique
B2,3,"Binance, Bitget, Bybit",2025-05-06T13:30:00+00:00,2025-05-06 21:30:00 SGT,342.8,bsquared-network,0.695076,9.968505431057,9109859.34744355455,29038347.687690798193,matched_exact_symbol_unique
KMNO,4,"Binance, Bitget, Bybit, OKX",2024-10-09T08:52:41+00:00,2024-10-09 16:52:41 SGT,551.9,kamino,0.02097362,9.757652870243,7685582.953897083178,91694964.56442758441,matched_exact_symbol_unique
ZBT,4,"Binance, Bitget, Bybit, OKX",2025-10-17T11:30:00+00:00,2025-10-17 19:30:00 SGT,178.8,zerobase,0.105829,9.696354773946,33004609.355945073068,25911006.27733708173,matched_exact_symbol_unique
PTB,2,"Binance, Bybit",2025-09-03T12:30:00+00:00,2025-09-03 20:30:00 SGT,222.8,portal-to-bitcoin,0.00099419,9.665863293038,2619910.844022782054,2094623.835634004092,matched_exact_symbol_unique
TUT,3,"Binance, Bitget, Bybit",2025-03-19T09:13:16+00:00,2025-03-19 17:13:16 SGT,390.9,tutorial,0.01029808,9.072630702441,11831083.09928294085,8597374.815464418381,matched_exact_symbol_unique
MMT,4,"Binance, Bitget, Bybit, OKX",2025-10-27T09:22:23+00:00,2025-10-27 17:22:23 SGT,168.9,momentum-3,0.13425,9.013612884535,28252103.06957032159,27377623.654912173748,matched_exact_symbol_unique
10000QUBIC,1,Bybit,2024-12-24T09:53:58+00:00,2024-12-24 17:53:58 SGT,475.9,qubic-network,0.000000808673,8.85955200678,2716917.608963458333,110648794.240066975355,matched_stripped_multiplier_unique
VVV,5,"Binance, Bitget, Bybit, dYdX, Hyperliquid",2025-01-28T04:31:45+00:00,2025-01-28 12:31:45 SGT,441.1,venice-token,8.94,8.811970484526,31171611.294112131,407270373.144686758518,matched_exact_symbol_unique
POLYX,4,"Binance, Bitget, Bybit, Hyperliquid",2023-10-24T06:46:36+00:00,2023-10-24 14:46:36 SGT,903,polymesh,0.052073,8.582638464078,5626195.751078411005,65923906.884603969753,matched_exact_symbol_unique
1000SATS,2,"Binance, Bitget",2023-12-12T14:00:00+00:00,2023-12-12 22:00:00 SGT,853.7,1000sats-ordinals,0.0000116,8.43997763961,2960646.881521028932,0,matched_exact_symbol_unique
BANANAS31,3,"Binance, Bitget, Bybit",2025-03-22T09:15:00+00:00,2025-03-22 17:15:00 SGT,387.9,banana-for-scale-2,0.01088601,8.312915647169,24271569.373902041465,109029933.046581700444,matched_exact_symbol_unique
AIOT,1,Binance,2025-04-30T12:30:00+00:00,2025-04-30 20:30:00 SGT,348.8,okzoo,0.058038,8.044531172587,8222850.561951057054,15129913.652000982314,matched_exact_symbol_unique
HIPPO,1,Bybit,2024-11-14T07:56:07+00:00,2024-11-14 15:56:07 SGT,516,sudeng,0.00019231,8.026745158805,1505099.324566640193,1922917.988029116997,matched_exact_symbol_unique
ELSA,3,"Binance, Bitget, Bybit",2026-01-22T07:22:15+00:00,2026-01-22 15:22:15 SGT,82,elsa,0.068647,7.996304222126,5307147.064970881678,15682069.106011174619,matched_exact_symbol_unique
FHE,2,"Binance, Bybit",2025-04-12T15:00:00+00:00,2025-04-12 23:00:00 SGT,366.7,mind-network,0.01850634,7.985995749541,7632720.614493615925,4655535.423856187612,matched_exact_symbol_unique
SPX,6,"Binance, Bitget, Bybit, dYdX, Hyperliquid, OKX",2024-10-29T06:31:37+00:00,2024-10-29 14:31:37 SGT,532,spx6900,0.324796,7.87133374134,7297886.502648979425,302546539.989445567131,matched_exact_symbol_unique
EDU,2,"Binance, Bybit",2023-04-28T00:00:00+00:00,2023-04-28 08:00:00 SGT,1082.3,edu-coin,0.04922878,7.254962979812,17933146.343666616827,36156763.145209163427,matched_exact_symbol_unique
STG,4,"Binance, Bitget, Bybit, Hyperliquid",2022-08-24T07:00:00+00:00,2022-08-24 15:00:00 SGT,1329,stargate-finance,0.238357,7.251360249204,17313007.477855172008,27807877.213995750993,matched_exact_symbol_unique
JELLYJELLY,3,"Binance, Bybit, OKX",2025-01-30T06:45:11+00:00,2025-01-30 14:45:11 SGT,439,jelly-my-jelly,0.04537307,6.68833364735,5983464.913039435633,45309191.513747796416,matched_exact_symbol_unique
CROSS,3,"Binance, Bitget, Bybit",2025-07-10T10:30:00+00:00,2025-07-10 18:30:00 SGT,277.9,cross-2,0.072652,6.301813720554,4922945.077179510146,24374946.12079025805,matched_exact_symbol_unique
1000CHEEMS,1,Binance,2024-11-25T11:45:00+00:00,2024-11-25 19:45:00 SGT,504.8,1000chems,0.00047411,6.256265091152,1811180.096079280134,0,matched_exact_symbol_unique
EUL,3,"Binance, Bitget, Bybit",2025-10-13T14:30:00+00:00,2025-10-13 22:30:00 SGT,182.7,euler,1.091,6.199186463782,5528839.708073550835,26351190.953904125839,matched_exact_symbol_unique
AERO,5,"Binance, Bitget, Bybit, Hyperliquid, OKX",2024-07-15T09:05:08+00:00,2024-07-15 17:05:08 SGT,637.9,aerodrome-finance,0.376221,6.161893504763,15970805.772775927559,345951428.479276001453,matched_exact_symbol_unique
CVX,4,"Binance, Bitget, Bybit, OKX",2022-04-20T07:38:02+00:00,2022-04-20 15:38:02 SGT,1455,convex-finance,1.82,6.157297044967,5424704.788775628433,163805122.012977033854,matched_exact_symbol_unique
ENA,6,"Binance, Bitget, Bybit, dYdX, Hyperliquid, OKX",2024-04-02T09:42:46+00:00,2024-04-02 17:42:46 SGT,741.9,ethena,0.096933,6.136570119167,127858861.934942796826,849032777.074916362762,matched_exact_symbol_unique
LINEA,5,"Binance, Bitget, Bybit, Hyperliquid, OKX",2025-09-01T08:30:00+00:00,2025-09-01 16:30:00 SGT,225,linea,0.00329611,6.06905600616,19361746.631617855281,82107033.462977126241,matched_exact_symbol_unique
NEWT,3,"Binance, Bitget, Bybit",2025-06-19T14:30:00+00:00,2025-06-19 22:30:00 SGT,298.7,newton-protocol,0.070182,6.029213962294,11554271.758141726255,15063496.723484404385,matched_exact_symbol_unique
EIGEN,6,"Binance, Bitget, Bybit, dYdX, Hyperliquid, OKX",2024-08-06T03:43:33+00:00,2024-08-06 11:43:33 SGT,616.2,eigenlayer,0.163275,6.014228575415,19225619.991941895336,112838273.096305698156,matched_exact_symbol_unique
ZAMA,4,"Binance, Bitget, Bybit, OKX",2026-01-09T09:00:00+00:00,2026-01-09 17:00:00 SGT,94.9,zama,0.02735929,5.965152259878,38201092.587990880013,60114526.640947237611,matched_exact_symbol_unique
THETA,4,"Binance, Bitget, Bybit, OKX",2019-09-25T08:00:00+00:00,2019-09-25 16:00:00 SGT,2393,theta-token,0.17669,5.865229504398,17934024.296340148896,176669029.221894085407,matched_exact_symbol_unique
ETHFI,6,"Binance, Bitget, Bybit, dYdX, Hyperliquid, OKX",2024-03-18T12:25:00+00:00,2024-03-18 20:25:00 SGT,756.8,ether-fi,0.433334,5.797031314177,29063174.54403508082,341155290.294802546501,matched_exact_symbol_unique
APT,6,"Binance, Bitget, Bybit, dYdX, Hyperliquid, OKX",2022-10-18T07:00:00+00:00,2022-10-18 15:00:00 SGT,1274,aptos,0.865579,5.671664863893,87694777.17916098237,697821126.264696478844,matched_exact_symbol_unique
AR,5,"Binance, Bitget, Bybit, Hyperliquid, OKX",2021-09-28T07:00:00+00:00,2021-09-28 15:00:00 SGT,1659,arweave,1.76,5.553243316439,21601916.846957877278,115454532.620789691806,matched_exact_symbol_unique
PIEVERSE,4,"Binance, Bitget, Bybit, OKX",2025-11-14T11:30:00+00:00,2025-11-14 19:30:00 SGT,150.8,pieverse,0.427449,5.51426996543,7796136.632584796287,98369731.812936112285,matched_exact_symbol_unique
2Z,6,"Binance, Bitget, Bybit, dYdX, Hyperliquid, OKX",2025-10-02T12:30:00+00:00,2025-10-02 20:30:00 SGT,193.8,doublezero,0.080487,5.505732597765,8867033.219548182562,279421186.652292311192,matched_exact_symbol_unique
AIXBT,5,"Binance, Bitget, Bybit, Hyperliquid, OKX",2024-12-20T08:38:27+00:00,2024-12-20 16:38:27 SGT,480,aixbt,0.02446883,5.486409494009,11315054.211359383538,24356645.406723819673,matched_exact_symbol_unique
ENS,6,"Binance, Bitget, Bybit, dYdX, Hyperliquid, OKX",2021-11-11T09:45:46+00:00,2021-11-11 17:45:46 SGT,1614.9,ethereum-name-service,5.88,5.429750499766,20978721.263302933425,225573891.494339823723,matched_exact_symbol_unique
LUMIA,3,"Binance, Bitget, Bybit",2024-10-25T07:36:02+00:00,2024-10-25 15:36:02 SGT,536,lumia,0.0865,5.419412446507,3299857.083400103264,11971241.092599188909,matched_exact_symbol_unique
BTC,6,"Binance, Bitget, Bybit, dYdX, Hyperliquid, OKX",2018-08-28T02:43:23+00:00,2018-08-28 10:43:23 SGT,2786.2,bitcoin,74555,5.344097287238,56742450811.588790893555,1493149377888.20068359375,matched_override_map
SOMI,3,"Binance, Bitget, Bybit",2025-08-25T09:30:00+00:00,2025-08-25 17:30:00 SGT,231.9,somnia,0.16786,5.308587731189,6723819.311447775923,26890139.972424909472,matched_exact_symbol_unique
PROM,3,"Binance, Bitget, Bybit",2023-09-05T05:29:56+00:00,2023-09-05 13:29:56 SGT,952.1,prometeus,1.4,5.269114499069,10173754.00204385072,25605602.96739904955,matched_exact_symbol_unique
AIOZ,1,Bybit,2024-06-13T08:16:01+00:00,2024-06-13 16:16:01 SGT,670,aioz-network,0.056771,5.262094758456,3400985.158527757507,70658665.412002280354,matched_exact_symbol_unique
HAEDAL,3,"Binance, Bitget, Bybit",2025-04-30T11:29:53+00:00,2025-04-30 19:29:53 SGT,348.8,haedal,0.0284115,5.259816849647,6504667.492020791396,5521294.158980024047,matched_exact_symbol_unique
VIC,1,Binance,2025-03-12T17:00:00+00:00,2025-03-13 01:00:00 SGT,397.6,tomochain,0.04816254,5.222506249289,1214160.919135808013,6070595.729662080295,matched_exact_symbol_unique
VIRTUAL,5,"Binance, Bitget, Bybit, Hyperliquid, OKX",2024-11-01T08:25:51+00:00,2024-11-01 16:25:51 SGT,529,virtual-protocol,0.678687,5.222214336638,74801260.701051071286,445437520.132193863392,matched_exact_symbol_unique
ARKM,5,"Binance, Bitget, Bybit, dYdX, OKX",2023-07-28T01:41:11+00:00,2023-07-28 09:41:11 SGT,991.2,arkham,0.101165,5.200195551263,14539990.333893952891,61198224.83638291806,matched_exact_symbol_unique
XNY,2,"Binance, Bybit",2025-08-13T11:45:00+00:00,2025-08-13 19:45:00 SGT,243.8,codatta,0.00513744,5.182990788486,19798724.650298923254,12872598.6671304591,matched_exact_symbol_unique
MAVIA,3,"Binance, Bybit, Hyperliquid",2024-02-07T09:12:26+00:00,2024-02-07 17:12:26 SGT,796.9,heroes-of-mavia,0.03122583,5.069376955758,2496215.159987943247,7638847.859345107339,matched_exact_symbol_unique
KAITO,6,"Binance, Bitget, Bybit, dYdX, Hyperliquid, OKX",2025-02-20T13:00:00+00:00,2025-02-20 21:00:00 SGT,417.8,kaito,0.423254,5.051080773743,14733768.63653196767,102126558.775000587106,matched_exact_symbol_unique
IO,5,"Binance, Bitget, Bybit, dYdX, Hyperliquid",2024-06-11T13:49:00+00:00,2024-06-11 21:49:00 SGT,671.7,io,0.103657,4.959336250144,7922670.885210274719,32963221.316851779819,matched_exact_symbol_unique
RPL,3,"Binance, Bitget, Bybit",2023-03-01T07:32:26+00:00,2023-03-01 15:32:26 SGT,1140,rocket-pool,1.8,4.943891504994,2385575.238876739051,40302212.980323515832,matched_exact_symbol_unique
CAKE,5,"Binance, Bitget, Bybit, dYdX, Hyperliquid",2023-11-02T12:45:00+00:00,2023-11-02 20:45:00 SGT,893.8,pancakeswap-token,1.57,4.907968925419,67025915.877266265452,514608922.115675449371,matched_exact_symbol_unique
STX,6,"Binance, Bitget, Bybit, dYdX, Hyperliquid, OKX",2021-11-30T07:59:43+00:00,2021-11-30 15:59:43 SGT,1596,blockstack,0.222785,4.868492322419,13017234.629852419719,410441873.458355367184,matched_exact_symbol_unique
RAY,2,"Bitget, OKX",2024-03-12T10:25:00+00:00,2024-03-12 18:25:00 SGT,762.9,raydium,0.657254,4.864528198811,17060740.182093679905,176591315.740828037262,matched_exact_symbol_unique
SSV,4,"Binance, Bitget, Bybit, OKX",2023-02-23T07:00:00+00:00,2023-02-23 15:00:00 SGT,1146,ssv-network,2.19,4.756837229281,6970789.117632567883,32235031.177600074559,matched_exact_symbol_unique
FLUID,3,"Binance, Bitget, Bybit",2025-09-24T10:15:00+00:00,2025-09-24 18:15:00 SGT,201.9,instadapp,1.65,4.740635893536,2748663.498111668508,128973436.04015468061,matched_exact_symbol_unique
TOWNS,3,"Binance, Bitget, Bybit",2025-08-05T14:30:00+00:00,2025-08-05 22:30:00 SGT,251.7,towns,0.00311229,4.692299424873,7977757.280707693659,6560584.553191746585,matched_exact_symbol_unique
BREV,4,"Binance, Bitget, Bybit, OKX",2025-12-30T10:45:00+00:00,2025-12-30 18:45:00 SGT,104.9,brevis,0.12193,4.668269376947,12292549.758941004053,30478329.409815423191,matched_exact_symbol_unique
SUI,6,"Binance, Bitget, Bybit, dYdX, Hyperliquid, OKX",2023-05-02T12:15:24+00:00,2023-05-02 20:15:24 SGT,1077.8,sui,0.945574,4.59847092759,379794908.281925261021,3738741353.305304050446,matched_exact_symbol_unique
TAC,3,"Binance, Bitget, Bybit",2025-07-15T10:30:00+00:00,2025-07-15 18:30:00 SGT,272.9,tac,0.00633949,4.592819572081,1983076.964344096137,18736896.869789946824,matched_exact_symbol_unique
AXS,6,"Binance, Bitget, Bybit, dYdX, Hyperliquid, OKX",2019-09-25T08:00:00+00:00,2019-09-25 16:00:00 SGT,2393,axie-infinity,1.12,4.586484869326,28760909.00807364285,189930618.872460782528,matched_exact_symbol_unique
REZ,4,"Binance, Bitget, Bybit, Hyperliquid",2024-04-30T14:00:00+00:00,2024-04-30 22:00:00 SGT,713.7,renzo,0.00372518,4.579078453839,4614959.970497191884,30526456.897994566709,matched_exact_symbol_unique
VELVET,3,"Binance, Bitget, Bybit",2025-07-15T09:15:00+00:00,2025-07-15 17:15:00 SGT,272.9,velvet,0.097033,4.53607560777,7226820.230179621838,35673207.880356051028,matched_exact_symbol_unique
DOOD,5,"Binance, Bitget, Bybit, Hyperliquid, OKX",2025-05-09T13:20:33+00:00,2025-05-09 21:20:33 SGT,339.8,doodles,0.00305866,4.454195728632,14440346.259374313056,23857316.556700862944,matched_exact_symbol_unique
ICX,4,"Binance, Bitget, Bybit, OKX",2019-09-25T08:00:00+00:00,2019-09-25 16:00:00 SGT,2393,icon,0.03613825,4.419934177042,1092478.657613613876,39596711.656728990376,matched_exact_symbol_unique
PROVE,5,"Binance, Bitget, Bybit, Hyperliquid, OKX",2025-08-05T17:00:00+00:00,2025-08-06 01:00:00 SGT,251.6,succinct,0.229147,4.383645130815,7315072.451477557421,44681146.848745539784,matched_exact_symbol_unique
OL,2,"Bybit, OKX",2024-11-21T08:49:56+00:00,2024-11-21 16:49:56 SGT,509,open-loot,0.00691925,4.360545255452,1176547.538669244153,5400053.445372976363,matched_exact_symbol_unique
RSR,5,"Binance, Bitget, Bybit, Hyperliquid, OKX",2019-09-25T08:00:00+00:00,2019-09-25 16:00:00 SGT,2393,reserve-rights-token,0.00152194,4.359412854845,7440430.352869164199,95217752.044095650315,matched_exact_symbol_unique
ORCA,3,"Binance, Bitget, Bybit",2024-04-01T09:22:09+00:00,2024-04-01 17:22:09 SGT,742.9,orca,0.901587,4.318671670489,8610369.921773837879,54814652.522268250585,matched_exact_symbol_unique
1000BONK,3,"Binance, Bitget, Bybit",2023-01-06T02:10:39+00:00,2023-01-06 10:10:39 SGT,1194.2,1000bonk,0.00589862,4.271183379521,1195944.114226884907,0,matched_exact_symbol_unique
HMSTR,4,"Binance, Bybit, Hyperliquid, OKX",2024-09-11T06:08:16+00:00,2024-09-11 14:08:16 SGT,580.1,hamster-kombat,0.00014525,4.254708300476,3860430.035447979346,9349902.23615154624,matched_exact_symbol_unique
1INCH,5,"Binance, Bitget, Bybit, dYdX, OKX",2020-12-25T02:30:00+00:00,2020-12-25 10:30:00 SGT,1936.2,1inch,0.095489,4.212145893743,11164830.52744345367,134205082.478284686804,matched_exact_symbol_unique
TRB,5,"Binance, Bitget, Bybit, Hyperliquid, OKX",2019-09-25T08:00:00+00:00,2019-09-25 16:00:00 SGT,2393,tellor,15.67,4.181361324864,11283813.813810246065,43417444.728319235146,matched_exact_symbol_unique
LISTA,4,"Binance, Bitget, Bybit, Hyperliquid",2024-06-20T12:30:00+00:00,2024-06-20 20:30:00 SGT,662.8,lista,0.076415,4.104649504694,4605920.474505982362,25131194.214775938541,matched_exact_symbol_unique
KGEN,4,"Binance, Bitget, Bybit, OKX",2025-10-07T14:30:00+00:00,2025-10-07 22:30:00 SGT,188.7,kgen,0.156011,4.072595992147,3334036.330283808522,30985889.493659418076,matched_exact_symbol_unique
ZRO,6,"Binance, Bitget, Bybit, dYdX, Hyperliquid, OKX",2024-06-20T12:25:00+00:00,2024-06-20 20:25:00 SGT,662.8,layerzero,2,4.068195854922,41645549.1146357283,504134874.630594909191,matched_exact_symbol_unique
AGLD,4,"Binance, Bitget, Bybit, OKX",2021-09-07T09:57:30+00:00,2021-09-07 17:57:30 SGT,1679.9,adventure-gold,0.248973,4.018316298813,4738344.988413554616,21734127.476836852729,matched_exact_symbol_unique
FLR,1,Bybit,2023-03-16T07:58:28+00:00,2023-03-16 15:58:28 SGT,1125,flare-networks,0.00802806,3.962378832123,3945549.558658145834,687702346.142621636391,matched_exact_symbol_unique
KAS,5,"Binance, Bitget, Bybit, dYdX, Hyperliquid",2023-08-04T08:34:41+00:00,2023-08-04 16:34:41 SGT,984,kaspa,0.03291616,3.924772337202,24290925.25719242543,899542206.943302035332,matched_exact_symbol_unique
LPT,4,"Binance, Bitget, Bybit, OKX",2021-04-23T07:00:00+00:00,2021-04-23 15:00:00 SGT,1817,livepeer,2.13,3.903814532399,15919985.12812044844,106049765.808936655521,matched_exact_symbol_unique
LSK,3,"Binance, Bitget, Bybit",2024-01-02T15:22:55+00:00,2024-01-02 23:22:55 SGT,832.7,lisk,0.128064,3.895696923542,1677106.656872583088,29121527.012358739972,matched_exact_symbol_unique
POPCAT,6,"Binance, Bitget, Bybit, dYdX, Hyperliquid, OKX",2024-03-28T07:01:59+00:00,2024-03-28 15:01:59 SGT,747,popcat,0.051625,3.865073318367,13067241.118183450773,50591413.980152793229,matched_exact_symbol_unique
NIL,4,"Binance, Bitget, Bybit, Hyperliquid",2025-03-20T10:55:46+00:00,2025-03-20 18:55:46 SGT,389.9,nillion,0.03343873,3.851406118752,3232077.341263045091,14332175.698936035857,matched_exact_symbol_unique
IP,5,"Binance, Bitget, Bybit, Hyperliquid, OKX",2025-02-07T08:28:16+00:00,2025-02-07 16:28:16 SGT,431,story-2,0.501505,3.805539924755,45521669.255885720253,176957414.575582802296,matched_exact_symbol_unique
FET,3,"Binance, Bitget, Hyperliquid",2023-01-15T07:00:00+00:00,2023-01-15 15:00:00 SGT,1185,fetch-ai,0.238048,3.793703027582,79464650.715180143714,537802555.044508337975,matched_exact_symbol_unique
FOGO,5,"Binance, Bitget, Bybit, Hyperliquid, OKX",2026-01-10T14:00:00+00:00,2026-01-10 22:00:00 SGT,93.7,fogo,0.01765079,3.697500408615,5696472.59576312732,67199880.442716702819,matched_exact_symbol_unique
SAHARA,4,"Binance, Bitget, Bybit, OKX",2025-06-20T11:11:33+00:00,2025-06-20 19:11:33 SGT,297.9,sahara-ai,0.02230554,3.688879430913,21728098.528082303703,70133004.457915619016,matched_exact_symbol_unique
AAVE,6,"Binance, Bitget, Bybit, dYdX, Hyperliquid, OKX",2019-09-25T08:00:00+00:00,2019-09-25 16:00:00 SGT,2393,aave,99.97,3.620525093834,340213371.910629570484,1516301533.085482120514,matched_exact_symbol_unique
COMP,6,"Binance, Bitget, Bybit, dYdX, Hyperliquid, OKX",2019-09-25T08:00:00+00:00,2019-09-25 16:00:00 SGT,2393,compound-governance-token,21.07,3.611974897319,22564255.684491854161,203843618.476804584265,matched_exact_symbol_unique
HOT,2,"Binance, Bitget",2021-03-30T07:00:00+00:00,2021-03-30 15:00:00 SGT,1841,holotoken,0.00040105,3.61186941828,5459087.445825879462,71164659.586848959327,matched_exact_symbol_unique
HUMA,4,"Binance, Bitget, Bybit, OKX",2025-05-26T13:00:00+00:00,2025-05-26 21:00:00 SGT,322.8,huma-finance,0.01765466,3.58848264916,15205453.486031098291,30645479.600485540926,matched_exact_symbol_unique
BIGTIME,5,"Binance, Bitget, Bybit, Hyperliquid, OKX",2023-10-12T08:35:45+00:00,2023-10-12 16:35:45 SGT,915,big-time,0.0126556,3.572027882213,5624302.468566962518,24148517.646714396775,matched_exact_symbol_unique
INJ,6,"Binance, Bitget, Bybit, dYdX, Hyperliquid, OKX",2022-08-16T07:00:00+00:00,2022-08-16 15:00:00 SGT,1337,injective-protocol,3.01,3.554550551001,47481093.545347981155,301180951.738086521626,matched_exact_symbol_unique
VET,3,"Binance, Bitget, Bybit",2019-09-25T08:00:00+00:00,2019-09-25 16:00:00 SGT,2393,vechain,0.00698485,3.540585894092,16336814.716481408104,601052388.988620519638,matched_exact_symbol_unique
SNX,6,"Binance, Bitget, Bybit, dYdX, Hyperliquid, OKX",2019-09-25T08:00:00+00:00,2019-09-25 16:00:00 SGT,2393,havven,0.292402,3.474461258106,12044317.111544661224,100752985.695066258311,matched_exact_symbol_unique
GALA,5,"Binance, Bitget, Bybit, Hyperliquid, OKX",2021-09-17T07:00:00+00:00,2021-09-17 15:00:00 SGT,1670,gala,0.00299438,3.469536559056,19429229.167117182165,142654820.3755620718,matched_exact_symbol_unique
JASMY,3,"Binance, Bitget, Bybit",2022-01-19T06:36:42+00:00,2022-01-19 14:36:42 SGT,1546,jasmycoin,0.00540262,3.394403709407,9806549.909496244043,267131265.715499728918,matched_exact_symbol_unique
MEW,5,"Binance, Bitget, Bybit, Hyperliquid, OKX",2024-04-15T08:25:00+00:00,2024-04-15 16:25:00 SGT,729,cat-in-a-dogs-world,0.00058595,3.381660489661,8234398.398867620155,52093142.061671003699,matched_exact_symbol_unique
1MBABYDOGE,2,"Binance, Bitget",2024-09-16T11:35:00+00:00,2024-09-16 19:35:00 SGT,574.8,1mbabydoge,0.00039935,3.357214646006,1149241.758788299281,0,matched_exact_symbol_unique
GMX,5,"Binance, Bitget, Bybit, Hyperliquid, OKX",2022-10-10T07:06:10+00:00,2022-10-10 15:06:10 SGT,1282,gmx,6.08,3.333052290186,3715310.062813895755,63107308.392820522189,matched_exact_symbol_unique
CARV,3,"Binance, Bitget, Bybit",2024-10-16T08:41:15+00:00,2024-10-16 16:41:15 SGT,545,carv,0.05358,3.314278884333,4139758.649170491844,28752590.629890661687,matched_exact_symbol_unique
BLUAI,2,"Binance, Bybit",2025-10-21T11:30:00+00:00,2025-10-21 19:30:00 SGT,174.8,bluwhale,0.00900203,3.258670252291,4914670.503337542526,11060725.412332898006,matched_exact_symbol_unique
AVNT,6,"Binance, Bitget, Bybit, dYdX, Hyperliquid, OKX",2025-09-09T14:05:37+00:00,2025-09-09 22:05:37 SGT,216.7,avantis,0.133476,3.249620441828,16502860.993363518268,42624423.492732465267,matched_exact_symbol_unique
IOTA,5,"Binance, Bitget, Bybit, Hyperliquid, OKX",2019-09-25T08:00:00+00:00,2019-09-25 16:00:00 SGT,2393,iota,0.055719,3.223158319764,10218689.676451800391,243991402.087205201387,matched_exact_symbol_unique
MAV,4,"Binance, Bitget, Bybit, Hyperliquid",2023-06-28T09:40:09+00:00,2023-06-28 17:40:09 SGT,1020.9,maverick-protocol,0.01446121,3.220122893843,3257183.826864426956,13434516.260017804801,matched_exact_symbol_unique
ZKJ,2,"Binance, Bitget",2025-05-13T09:30:00+00:00,2025-05-13 17:30:00 SGT,335.9,polyhedra-network,0.01970971,3.213460599641,1924335.909422369441,9392697.675630794838,matched_exact_symbol_unique
CVC,3,"Binance, Bitget, Bybit",2021-11-30T15:20:51+00:00,2021-11-30 23:20:51 SGT,1595.7,civic,0.03041567,3.195321174696,2310782.011605172418,24370872.918161127716,matched_exact_symbol_unique
CGPT,3,"Binance, Bitget, Bybit",2024-12-20T19:15:00+00:00,2024-12-21 03:15:00 SGT,479.5,chaingpt,0.01984687,3.145414115957,3321756.783580233809,17362116.573950685561,matched_exact_symbol_unique
GRT,5,"Binance, Bitget, Bybit, dYdX, OKX",2020-12-18T07:00:00+00:00,2020-12-18 15:00:00 SGT,1943,the-graph,0.02426335,3.109826662339,13771595.522572580725,261563171.604471683502,matched_exact_symbol_unique
ZK,6,"Binance, Bitget, Bybit, dYdX, Hyperliquid, OKX",2024-06-17T11:00:00+00:00,2024-06-17 19:00:00 SGT,665.9,zksync,0.01571732,3.094732223337,10126530.162362102419,150932290.500456482172,matched_exact_symbol_unique
KNC,3,"Binance, Bitget, Bybit",2019-09-25T08:00:00+00:00,2019-09-25 16:00:00 SGT,2393,kyber-network-crystal,0.135505,3.091053832536,3841192.170436135493,23044844.833337631077,matched_exact_symbol_unique
TAIKO,3,"Binance, Bitget, Bybit",2024-06-05T14:17:35+00:00,2024-06-05 22:17:35 SGT,677.7,taiko,0.11813,3.075452754958,4989461.253763883375,22657226.691035050899,matched_exact_symbol_unique
ONDO,6,"Binance, Bitget, Bybit, dYdX, Hyperliquid, OKX",2024-01-20T13:00:00+00:00,2024-01-20 21:00:00 SGT,814.8,ondo-finance,0.253621,3.072992172535,73032784.351780116558,1235497396.930627346039,matched_exact_symbol_unique
CTC,1,Bybit,2022-05-17T07:57:50+00:00,2022-05-17 15:57:50 SGT,1428,creditcoin-2,0.146696,3.056731309835,4057324.615821226034,78578176.047365486622,matched_exact_symbol_unique
BSV,4,"Binance, Bitget, Bybit, Hyperliquid",2021-12-10T03:08:28+00:00,2021-12-10 11:08:28 SGT,1586.2,bitcoin-cash-sv,15.62,3.045088320252,10576372.095199050382,312974161.66537976265,matched_exact_symbol_unique
SKL,3,"Binance, Bitget, Bybit",2020-08-24T07:00:00+00:00,2020-08-24 15:00:00 SGT,2059,skale,0.00643473,3.013874472639,3848619.969636667054,39219964.782429181039,matched_exact_symbol_unique
1000000MOG,3,"Binance, Bitget, Bybit",2024-05-16T15:43:33+00:00,2024-05-16 23:43:33 SGT,697.7,og-fan-token,2.72,3.007035512336,5082207.982480954379,12639864.060723286122,matched_stripped_multiplier_unique
OG,3,"Binance, Bitget, Bybit",2023-08-28T08:19:57+00:00,2023-08-28 16:19:57 SGT,960,og-fan-token,2.72,3.007035512336,5082207.982480954379,12639864.060723286122,matched_exact_symbol_unique
XLM,6,"Binance, Bitget, Bybit, dYdX, Hyperliquid, OKX",2019-09-25T08:00:00+00:00,2019-09-25 16:00:00 SGT,2393,stellar,0.155332,3.001212360499,89367732.833564653993,5142284170.311410903931,matched_exact_symbol_unique
TSLAX,1,dYdX,,,,tesla-xstock,357.79,3.000777691043,21156006.579013444483,51003614.361978925765,matched_exact_symbol_unique
EGLD,4,"Binance, Bitget, Bybit, OKX",2019-09-25T08:00:00+00:00,2019-09-25 16:00:00 SGT,2393,elrond-erd-2,3.82,2.979306665285,6024909.449042556807,113500658.044872194529,matched_exact_symbol_unique
API3,4,"Binance, Bitget, Bybit, OKX",2022-02-21T07:00:00+00:00,2022-02-21 15:00:00 SGT,1513,api3,0.283773,2.964869000798,3973635.88220311515,40540012.384142711759,matched_exact_symbol_unique
CETUS,3,"Binance, Bitget, Bybit",2024-02-05T03:44:03+00:00,2024-02-05 11:44:03 SGT,799.2,cetus-protocol,0.01979487,2.956485328481,2065225.705641424283,18515628.229078870267,matched_exact_symbol_unique
QTUM,4,"Binance, Bitget, Bybit, OKX",2019-09-25T08:00:00+00:00,2019-09-25 16:00:00 SGT,2393,qtum,0.906481,2.955760452806,5197169.12576536648,96038044.650377511978,matched_exact_symbol_unique
HOME,4,"Binance, Bitget, Bybit, OKX",2025-06-10T11:15:50+00:00,2025-06-10 19:15:50 SGT,307.8,home,0.01916226,2.934431811323,7018575.06933499407,67538523.43483094871,matched_exact_symbol_unique
CELO,5,"Binance, Bitget, Bybit, Hyperliquid, OKX",2021-09-24T10:03:05+00:00,2021-09-24 18:03:05 SGT,1662.9,celo,0.080417,2.925162296375,3357263.347015718464,48185023.37197586894,matched_exact_symbol_unique
ALLO,4,"Binance, Bitget, Bybit, OKX",2025-11-11T14:00:00+00:00,2025-11-11 22:00:00 SGT,153.7,allora,0.112462,2.922102057026,12222594.662759421393,25304785.656603422016,matched_exact_symbol_unique
VANA,4,"Binance, Bitget, Bybit, OKX",2024-12-16T11:43:42+00:00,2024-12-16 19:43:42 SGT,483.8,vana,1.29,2.912132808023,1576647.099709828617,39841304.608867019415,matched_exact_symbol_unique
SLP,3,"Binance, Bitget, Bybit",2021-11-17T16:00:00+00:00,2021-11-18 00:00:00 SGT,1608.7,smooth-love-potion,0.00061272,2.876542074694,2076056.118438180769,22281642.127005632967,matched_exact_symbol_unique
A,4,"Binance, Bitget, Bybit, OKX",2025-05-28T08:00:00+00:00,2025-05-28 16:00:00 SGT,321,vaulta,0.079347,2.864287291252,13470002.765157405287,129700720.886764392257,matched_exact_symbol_unique
DOLO,3,"Binance, Bitget, Bybit",2025-05-01T03:00:00+00:00,2025-05-01 11:00:00 SGT,348.2,dolomite,0.03272505,2.789626713728,2665972.469336942304,15134098.899605659768,matched_exact_symbol_unique
ALCH,3,"Binance, Bitget, Bybit",2025-01-07T07:32:11+00:00,2025-01-07 15:32:11 SGT,462,alchemist-ai,0.065069,2.777158871421,10132157.622303107753,55399749.907165378332,matched_exact_symbol_unique
AERGO,3,"Binance, Bitget, Bybit",2023-11-16T10:07:26+00:00,2023-11-16 18:07:26 SGT,879.9,aergo,0.054853,2.776336225074,4001097.491258400958,25909615.588701449335,matched_exact_symbol_unique
SPK,4,"Binance, Bitget, Bybit, OKX",2025-06-17T09:00:00+00:00,2025-06-17 17:00:00 SGT,300.9,spark-2,0.02128942,2.754197563556,16605042.671776048839,54349632.470888927579,matched_exact_symbol_unique
PHA,3,"Binance, Bitget, Bybit",2024-05-31T10:02:00+00:00,2024-05-31 18:02:00 SGT,682.9,pha,0.0396363,2.747542974239,11472193.420898696408,33108494.280661646277,matched_exact_symbol_unique
ETC,6,"Binance, Bitget, Bybit, dYdX, Hyperliquid, OKX",2018-12-21T07:53:47+00:00,2018-12-21 15:53:47 SGT,2671,ethereum-classic,8.44,2.741962427123,43251413.787995554507,1319695371.62956237793,matched_exact_symbol_unique
1000XEC,3,"Binance, Bitget, Bybit",2021-09-16T07:00:00+00:00,2021-09-16 15:00:00 SGT,1671,ecash,0.00000696,2.722990107124,4322102.150222028606,139350440.389648616314,matched_stripped_multiplier_unique
GPS,4,"Binance, Bitget, Bybit, OKX",2025-02-17T17:00:00+00:00,2025-02-18 01:00:00 SGT,420.6,goplus-security,0.0085045,2.715176797061,4789809.886563803069,37481461.670601837337,matched_exact_symbol_unique
ZETA,5,"Binance, Bitget, Bybit, Hyperliquid, OKX",2024-02-01T03:25:00+00:00,2024-02-01 11:25:00 SGT,803.2,zetachain,0.050679,2.696597819499,4531532.378590496257,69116615.640241980553,matched_exact_symbol_unique
FIDA,3,"Binance, Bitget, Bybit",2024-09-19T12:30:00+00:00,2024-09-19 20:30:00 SGT,571.8,bonfida,0.01697556,2.608488467031,10734760.230943856761,16855124.368527971208,matched_exact_symbol_unique
ES,1,Bybit,2025-07-16T10:27:33+00:00,2025-07-16 18:27:33 SGT,271.9,eclipse-3,0.160667,2.561406905242,5435505.895354911685,24095799.775287598372,matched_exact_symbol_unique
DENT,2,"Binance, Bitget",2021-03-23T07:00:00+00:00,2021-03-23 15:00:00 SGT,1848,dent,0.00015726,2.525204170958,2001544.570388094289,15086112.583416838199,matched_exact_symbol_unique
TLM,3,"Binance, Bitget, Bybit",2021-11-22T00:00:00+00:00,2021-11-22 08:00:00 SGT,1604.3,alien-worlds,0.0016531,2.489051007025,3138796.421407465823,10806416.247763859108,matched_exact_symbol_unique
SNT,1,Bybit,2023-11-02T08:28:14+00:00,2023-11-02 16:28:14 SGT,894,status,0.00993611,2.460988023617,2612968.651477255393,39298727.362924337387,matched_exact_symbol_unique
AWE,3,"Binance, Bitget, Bybit",2025-05-21T08:00:00+00:00,2025-05-21 16:00:00 SGT,328,stp-network,0.052007,2.446169486884,3268119.263748796657,100995926.857140108943,matched_exact_symbol_unique
ETHW,3,"Binance, Bitget, OKX",2022-09-16T06:55:31+00:00,2022-09-16 14:55:31 SGT,1306,ethereum-pow-iou,0.255556,2.440920832,2352671.236944843549,27555019.907718397677,matched_exact_symbol_unique
OKB,2,"Bybit, OKX",2025-09-04T02:00:00+00:00,2025-09-04 10:00:00 SGT,222.2,okb,84.86,2.406715722822,15349419.39456692338,1782059642.461569547653,matched_exact_symbol_unique
ICP,6,"Binance, Bitget, Bybit, dYdX, Hyperliquid, OKX",2021-05-14T09:00:00+00:00,2021-05-14 17:00:00 SGT,1795.9,internet-computer,2.48,2.402223251218,39722984.370642714202,1365176838.66468167305,matched_exact_symbol_unique
ZIL,4,"Binance, Bitget, Bybit, OKX",2019-09-25T08:00:00+00:00,2019-09-25 16:00:00 SGT,2393,zilliqa,0.00392897,2.400265487437,5771891.061838107184,76537734.968596845865,matched_exact_symbol_unique
MANTRA,2,"Binance, Bitget",2026-03-04T08:00:00+00:00,2026-03-04 16:00:00 SGT,41,mantra,0.01069851,2.398136965806,8111058.140589688905,52054400.584307551384,matched_exact_symbol_unique
GLM,4,"Binance, Bitget, Bybit, OKX",2023-08-10T04:57:59+00:00,2023-08-10 12:57:59 SGT,978.1,golem,0.127314,2.389364135731,5209313.527092299424,127340653.643080994487,matched_exact_symbol_unique
ZORA,6,"Binance, Bitget, Bybit, dYdX, Hyperliquid, OKX",2025-04-25T09:17:30+00:00,2025-04-25 17:17:30 SGT,353.9,zora,0.0140027,2.388665179011,6137765.028511554003,62564800.551410585642,matched_exact_symbol_unique
SFP,2,"Binance, Bitget",2021-02-24T07:00:00+00:00,2021-02-24 15:00:00 SGT,1875,safepal,0.294177,2.385607347234,1393400.872128697578,147083119.016000449657,matched_exact_symbol_unique
OGN,4,"Binance, Bitget, Bybit, Hyperliquid",2021-03-31T07:00:00+00:00,2021-03-31 15:00:00 SGT,1840,origin-protocol,0.02164763,2.358180628695,1826548.027104615001,14369187.677523585036,matched_exact_symbol_unique
PENDLE,6,"Binance, Bitget, Bybit, dYdX, Hyperliquid, OKX",2023-07-05T07:26:42+00:00,2023-07-05 15:26:42 SGT,1014,pendle,1.074,2.348615758766,25363304.095953688025,179203376.239065527916,matched_exact_symbol_unique
TWT,2,"Binance, Bybit",2022-11-17T06:24:21+00:00,2022-11-17 14:24:21 SGT,1244.1,trust-wallet-token,0.415883,2.32871737674,7015879.115533892997,173277507.827543258667,matched_exact_symbol_unique
FTT,1,Hyperliquid,,,,ftx-token,0.290378,2.317044611285,2928223.991000315174,0,matched_exact_symbol_unique
JST,3,"Binance, Bitget, Bybit",2022-02-18T06:45:41+00:00,2022-02-18 14:45:41 SGT,1516,just,0.077686,2.303157595573,48574841.774127408862,685608651.65874516964,matched_exact_symbol_unique
IMX,6,"Binance, Bitget, Bybit, dYdX, Hyperliquid, OKX",2021-11-18T06:50:22+00:00,2021-11-18 14:50:22 SGT,1608,immutable-x,0.147745,2.280279828883,16897338.835531268269,124428830.706080690026,matched_exact_symbol_unique
GWEI,2,"Binance, Bitget",2026-01-29T05:30:00+00:00,2026-01-29 13:30:00 SGT,75.1,ethgas-2,0.06511,2.272085020464,6050958.18606007006,113953454.6006218642,matched_exact_symbol_unique
PORTAL,2,"Binance, Bybit",2024-02-29T15:00:00+00:00,2024-02-29 23:00:00 SGT,774.7,portal-2,0.00817842,2.243180952995,2372581.899421853013,6254610.942895435728,matched_exact_symbol_unique
PUNDIX,3,"Binance, Bitget, Bybit",2025-04-30T10:00:00+00:00,2025-04-30 18:00:00 SGT,348.9,pundi-x-2,0.147067,2.215033610194,1446022.858066072455,38000127.473734818399,matched_exact_symbol_unique
STEEM,3,"Binance, Bitget, Bybit",2023-10-25T06:29:42+00:00,2023-10-25 14:29:42 SGT,902,steem,0.058295,2.209517314826,4987132.131590224802,31738670.361983533949,matched_exact_symbol_unique
UMA,5,"Binance, Bitget, Bybit, Hyperliquid, OKX",2020-09-04T10:12:51+00:00,2020-09-04 18:12:51 SGT,2047.9,uma,0.415989,2.142951748538,3883951.355285087135,37736361.171959735453,matched_exact_symbol_unique
BERA,6,"Binance, Bitget, Bybit, dYdX, Hyperliquid, OKX",2025-02-06T13:16:28+00:00,2025-02-06 21:16:28 SGT,431.8,berachain-bera,0.411258,2.129525122313,15609947.059935171157,100744063.782507643104,matched_exact_symbol_unique
WAXP,3,"Binance, Bitget, Bybit",2023-10-10T06:21:49+00:00,2023-10-10 14:21:49 SGT,917.1,wax,0.00653462,2.104230865443,1126079.413384688785,29957817.425257075578,matched_exact_symbol_unique
COTI,3,"Binance, Bitget, Bybit",2021-03-09T07:00:00+00:00,2021-03-09 15:00:00 SGT,1862,coti,0.01363772,2.098928486878,3305860.266956362873,37706163.625136949122,matched_exact_symbol_unique
ALPINE,2,"Binance, Bybit",2025-05-06T09:45:00+00:00,2025-05-06 17:45:00 SGT,342.9,alpine-f1-team-fan-token,0.415095,2.098083263442,3328853.255052276887,4715480.662834221497,matched_exact_symbol_unique
MINA,5,"Binance, Bitget, Bybit, Hyperliquid, OKX",2021-06-09T09:00:00+00:00,2021-06-09 17:00:00 SGT,1769.9,mina-protocol,0.057244,2.085707845596,5493137.467418941669,73364153.265939384699,matched_exact_symbol_unique
ZBCN,1,Bybit,2024-04-17T07:42:45+00:00,2024-04-17 15:42:45 SGT,727,zebec-network,0.00263359,1.991715407236,8493157.253622036427,257965114.054666668177,matched_exact_symbol_unique
MOVR,3,"Binance, Bitget, Bybit",2023-11-23T06:09:22+00:00,2023-11-23 14:09:22 SGT,873.1,moonriver,1.19,1.949555848771,1426196.508730856702,13561244.855074742809,matched_exact_symbol_unique
STORJ,3,"Binance, Bitget, Bybit",2019-09-25T08:00:00+00:00,2019-09-25 16:00:00 SGT,2393,storj,0.098804,1.887071651559,5267319.217449783348,14199740.510276613757,matched_exact_symbol_unique
SXT,3,"Binance, Bitget, Bybit",2025-05-02T08:30:00+00:00,2025-05-02 16:30:00 SGT,347,space-and-time,0.01651797,1.838730026196,3034099.112772295251,42914797.071904189885,matched_exact_symbol_unique
DYM,5,"Binance, Bitget, Bybit, dYdX, Hyperliquid",2024-02-07T02:36:50+00:00,2024-02-07 10:36:50 SGT,797.2,dymension,0.01700772,1.75884090854,5297238.956258738413,8586190.458355007693,matched_exact_symbol_unique
KAVA,3,"Binance, Bitget, Bybit",2019-09-25T08:00:00+00:00,2019-09-25 16:00:00 SGT,2393,kava,0.052944,1.746820320908,3691357.786419901997,57327325.818493269384,matched_exact_symbol_unique
POWR,3,"Binance, Bitget, Bybit",2023-10-24T07:01:22+00:00,2023-10-24 15:01:22 SGT,903,power-ledger,0.066364,1.730527419352,3040441.161591828801,35168324.584165975451,matched_exact_symbol_unique
SOLV,2,"Binance, Bybit",2025-01-17T10:21:51+00:00,2025-01-17 18:21:51 SGT,451.9,solv-protocol,0.00437285,1.711170448881,11799339.651224019006,6487404.424652308226,matched_exact_symbol_unique
HNT,2,"Bitget, Bybit",2022-01-24T06:47:20+00:00,2022-01-24 14:47:20 SGT,1541,helium,1.019,1.703698547975,3319509.376176123507,187801962.34404566884,matched_exact_symbol_unique
HBAR,6,"Binance, Bitget, Bybit, dYdX, Hyperliquid, OKX",2021-03-17T07:00:00+00:00,2021-03-17 15:00:00 SGT,1854,hedera-hashgraph,0.086492,1.700986827795,82551946.54211384058,3746580759.457074165344,matched_exact_symbol_unique
RENDER,6,"Binance, Bitget, Bybit, dYdX, Hyperliquid, OKX",2024-07-26T08:26:47+00:00,2024-07-26 16:26:47 SGT,627,render-token,1.9,1.700559762897,92766193.043949142098,984540916.010366082191,matched_exact_symbol_unique
XDC,1,Bybit,2025-02-10T09:24:47+00:00,2025-02-10 17:24:47 SGT,427.9,xdce-crowd-sale,0.03122834,1.679459033064,20333797.516935385764,619654095.898564457893,matched_exact_symbol_unique
WAVES,2,"Bitget, Bybit",2022-01-05T07:33:46+00:00,2022-01-05 15:33:46 SGT,1560,waves,0.4137,1.590417700327,6557328.661923872307,41411618.283886611462,matched_exact_symbol_unique
NFP,1,Binance,2023-12-27T12:30:00+00:00,2023-12-27 20:30:00 SGT,838.8,nfprompt-token,0.01328007,1.589005163949,1565935.170645888895,7103998.886504618451,matched_exact_symbol_unique
AXL,4,"Binance, Bitget, Bybit, dYdX",2023-12-07T09:32:30+00:00,2023-12-07 17:32:30 SGT,858.9,axelar,0.04605674,1.563976151178,19970763.081532761455,53029481.319133803248,matched_exact_symbol_unique
XCN,1,Bybit,2022-04-28T07:53:51+00:00,2022-04-28 15:53:51 SGT,1447,chain-2,0.00472773,1.560020979298,7590576.641978234053,178534526.568203121424,matched_exact_symbol_unique
AZTEC,5,"Binance, Bitget, Bybit, Hyperliquid, OKX",2026-02-11T04:30:00+00:00,2026-02-11 12:30:00 SGT,62.1,aztec,0.02105705,1.540427041862,12252597.423640480265,62288469.886407792568,matched_exact_symbol_unique
BARD,4,"Binance, Bitget, Bybit, OKX",2025-09-16T09:48:57+00:00,2025-09-16 17:48:57 SGT,209.9,lombard-protocol,0.336523,1.538890183391,85817810.543065309525,101597573.218533739448,matched_exact_symbol_unique
BGB,1,Bitget,,,,bitget-token,1.91,1.53219717719,24097919.787309926003,1338686616.91807103157,matched_exact_symbol_unique
AEVO,5,"Binance, Bitget, Bybit, dYdX, OKX",2024-03-13T10:25:20+00:00,2024-03-13 18:25:20 SGT,761.9,aevo-exchange,0.02278648,1.525806922191,5953126.630299664102,20879690.242787573487,matched_exact_symbol_unique
KSM,4,"Binance, Bitget, Bybit, OKX",2019-09-25T08:00:00+00:00,2019-09-25 16:00:00 SGT,2393,kusama,4.19,1.521227674224,5734518.051317412406,75660994.60609574616,matched_exact_symbol_unique
WAL,4,"Binance, Bitget, Bybit, OKX",2025-03-27T10:05:56+00:00,2025-03-27 18:05:56 SGT,382.9,walrus-2,0.069764,1.506454713655,6966176.282247974537,160190206.741369813681,matched_exact_symbol_unique
RVN,4,"Binance, Bitget, Bybit, OKX",2021-02-23T07:00:00+00:00,2021-02-23 15:00:00 SGT,1876,ravencoin,0.00569237,1.447185422571,5205874.827181348577,92073165.142930045724,matched_exact_symbol_unique
SAGA,4,"Binance, Bitget, Bybit, Hyperliquid",2024-04-09T10:30:00+00:00,2024-04-09 18:30:00 SGT,734.9,saga-2,0.02791415,1.428102988462,4762014.211968078278,10598827.914292037487,matched_exact_symbol_unique
CHZ,5,"Binance, Bitget, Bybit, dYdX, OKX",2021-01-21T07:00:00+00:00,2021-01-21 15:00:00 SGT,1909,chiliz,0.03664992,1.41073637883,59066759.403016418219,377525473.63078725338,matched_exact_symbol_unique
BAND,4,"Binance, Bitget, Bybit, OKX",2019-09-25T08:00:00+00:00,2019-09-25 16:00:00 SGT,2393,band-protocol,0.206517,1.399897231403,4350684.333324172534,35970855.275111436844,matched_exact_symbol_unique
VTHO,2,"Binance, Bitget",2025-01-22T09:30:00+00:00,2025-01-22 17:30:00 SGT,446.9,vethor-token,0.00056426,1.398494847057,1523464.422174075851,56003010.508392266929,matched_exact_symbol_unique
ANKR,3,"Binance, Bitget, Bybit",2021-01-25T07:00:00+00:00,2021-01-25 15:00:00 SGT,1905,ankr,0.00518257,1.36808560733,25263570.810440905392,51921107.836492739618,matched_exact_symbol_unique
RLC,2,"Binance, Bybit",2019-09-25T08:00:00+00:00,2019-09-25 16:00:00 SGT,2393,iexec-rlc,0.413827,1.355357849396,1641003.962724112207,29950406.631396323442,matched_exact_symbol_unique
ENSO,4,"Binance, Bitget, Bybit, OKX",2025-10-14T09:00:00+00:00,2025-10-14 17:00:00 SGT,181.9,enso,0.878012,1.326015102615,12376328.489038186148,18053533.873664967716,matched_exact_symbol_unique
STO,3,"Binance, Bitget, Bybit",2025-04-12T14:45:00+00:00,2025-04-12 22:45:00 SGT,366.7,stakestone,0.117096,1.253900711438,37728718.843437872827,26401134.324257668108,matched_exact_symbol_unique
IDOL,2,"Binance, Bitget",2025-07-04T09:15:00+00:00,2025-07-04 17:15:00 SGT,283.9,meet48,0.02389133,1.197147700735,2929405.719426621683,42427962.409105010331,matched_exact_symbol_unique
ASR,3,"Binance, Bitget, Bybit",2025-05-06T09:30:00+00:00,2025-05-06 17:30:00 SGT,342.9,as-roma-fan-token,1.25,1.160197499659,2885746.438630345277,10558543.332998400554,matched_exact_symbol_unique
YGG,5,"Binance, Bitget, Bybit, Hyperliquid, OKX",2021-08-06T09:00:00+00:00,2021-08-06 17:00:00 SGT,1711.9,yield-guild-games,0.03819041,1.157339454858,5085682.288993706927,27902448.173487011343,matched_exact_symbol_unique
IOST,4,"Binance, Bitget, Bybit, OKX",2019-09-25T08:00:00+00:00,2019-09-25 16:00:00 SGT,2393,iostoken,0.00108787,1.129216525978,5016808.902201945893,35596629.896501660347,matched_exact_symbol_unique
XVS,3,"Binance, Bitget, Bybit",2023-04-12T00:00:00+00:00,2023-04-12 08:00:00 SGT,1098.3,venus,2.67,0.973269055545,7163027.673098492436,44780478.981440909207,matched_exact_symbol_unique
XAUT,4,"Binance, Bitget, Bybit, dYdX",2025-04-03T11:05:59+00:00,2025-04-03 19:05:59 SGT,375.9,tether-gold,4750.27,0.963739766071,366167237.591898083687,2658764188.267776489258,matched_exact_symbol_unique
ACX,3,"Binance, Bitget, Bybit",2024-12-06T09:55:41+00:00,2024-12-06 17:55:41 SGT,493.9,across-protocol,0.04322744,0.935965579345,2267671.050632226281,30459463.156650088727,matched_exact_symbol_unique
BR,3,"Binance, Bitget, Bybit",2025-03-20T13:19:48+00:00,2025-03-20 21:19:48 SGT,389.8,bedrock-token,0.124359,0.924850151045,2784807.075056908652,31192151.327773083001,matched_exact_symbol_unique
SANTOS,2,"Binance, Bitget",2024-10-28T14:00:00+00:00,2024-10-28 22:00:00 SGT,532.7,santos-fc-fan-token,1.049,0.901875119322,1993038.441147325793,16873673.897663507611,matched_exact_symbol_unique
QNT,3,"Binance, Bitget, Bybit",2022-10-18T07:00:00+00:00,2022-10-18 15:00:00 SGT,1274,quant-network,75.37,0.889170061345,11266938.341226102784,1096025479.624322652817,matched_exact_symbol_unique
LRC,2,"Bybit, OKX",2020-09-09T10:12:51+00:00,2020-09-09 18:12:51 SGT,2042.9,loopring,0.01606815,0.879707379022,2594539.650792193133,20023284.389049503952,matched_exact_symbol_unique
DEXE,3,"Binance, Bitget, Bybit",2024-07-25T09:08:59+00:00,2024-07-25 17:08:59 SGT,627.9,dexe,10,0.870877827522,12510908.950337501243,467441719.718849778175,matched_exact_symbol_unique
C98,3,"Binance, Bitget, Bybit",2021-08-23T07:00:00+00:00,2021-08-23 15:00:00 SGT,1695,coin98,0.01956967,0.837696857127,4013360.457002045587,19572752.76482250914,matched_exact_symbol_unique
LQTY,4,"Binance, Bitget, Bybit, OKX",2023-03-08T07:00:00+00:00,2023-03-08 15:00:00 SGT,1133,liquity,0.27793,0.833125622551,1680849.95758708124,27419921.275392316282,matched_exact_symbol_unique
MBOX,2,"Binance, Bybit",2024-01-18T10:45:43+00:00,2024-01-18 18:45:43 SGT,816.9,mobox,0.01163002,0.721570206131,3692529.914117532317,6404842.695363762788,matched_exact_symbol_unique
1000TAG,1,Bybit,2025-07-28T08:37:38+00:00,2025-07-28 16:37:38 SGT,260,tagger,0.00083931,0.697143742578,7869536.842933928594,91459799.059584990144,matched_stripped_multiplier_unique
TAG,2,"Binance, Bitget",2025-07-25T11:15:00+00:00,2025-07-25 19:15:00 SGT,262.8,tagger,0.00083931,0.697143742578,7869536.842933928594,91459799.059584990144,matched_exact_symbol_unique
DIA,3,"Binance, Bitget, Bybit",2024-10-02T12:30:00+00:00,2024-10-02 20:30:00 SGT,558.8,dia-data,0.177479,0.671149532491,2435270.697790361941,21239979.955934517086,matched_exact_symbol_unique
PYR,1,Bybit,2024-10-07T08:19:21+00:00,2024-10-07 16:19:21 SGT,554,vulcan-forged,0.264354,0.633704327291,4238203.580812719651,12428330.040280723944,matched_exact_symbol_unique
PYTH,6,"Binance, Bitget, Bybit, dYdX, Hyperliquid, OKX",2023-11-20T14:55:00+00:00,2023-11-20 22:55:00 SGT,875.7,pyth-network,0.04317842,0.585952926493,12799549.536173552275,248275768.498656898737,matched_exact_symbol_unique
DEGO,1,Binance,2024-12-13T13:15:00+00:00,2024-12-13 21:15:00 SGT,486.8,dego-finance,0.276514,0.553169378166,4311113.945771097206,5806141.393075590022,matched_exact_symbol_unique
PIPPIN,4,"Binance, Bitget, Bybit, OKX",2025-01-17T08:38:42+00:00,2025-01-17 16:38:42 SGT,452,pippin,0.02617082,0.514579825667,15330275.247018018737,26210322.315779265016,matched_exact_symbol_unique
SUN,3,"Binance, Bitget, Bybit",2022-02-18T06:38:34+00:00,2022-02-18 14:38:34 SGT,1516,sun-token,0.01800109,0.507259934687,68721489.444405928254,346027007.357595562935,matched_exact_symbol_unique
MITO,2,"Binance, Bybit",2025-08-28T14:30:00+00:00,2025-08-28 22:30:00 SGT,228.7,mitosis,0.0360179,0.507043679675,4501688.989878686145,12050832.872181834653,matched_exact_symbol_unique
NMR,4,"Binance, Bitget, Bybit, OKX",2023-06-22T12:00:00+00:00,2023-06-22 20:00:00 SGT,1026.8,numeraire,8.66,0.486160273142,9549650.23391886428,60157312.010707832873,matched_exact_symbol_unique
STRK,6,"Binance, Bitget, Bybit, dYdX, Hyperliquid, OKX",2024-02-20T12:55:00+00:00,2024-02-20 20:55:00 SGT,783.8,starknet,0.03325305,0.453617536743,27660600.572888489813,189238680.195985615253,matched_exact_symbol_unique
XMR,5,"Binance, Bitget, Bybit, dYdX, Hyperliquid",2019-09-25T08:00:00+00:00,2019-09-25 16:00:00 SGT,2393,monero,348,0.45225138567,105714751.004551127553,6421696797.474217414856,matched_exact_symbol_unique
CELR,2,"Binance, Bitget",2021-03-29T07:00:00+00:00,2021-03-29 15:00:00 SGT,1842,celer-network,0.002377,0.443033786839,1508780.357435113518,13421375.919948546216,matched_exact_symbol_unique
ARPA,3,"Binance, Bitget, Bybit",2021-10-18T07:00:00+00:00,2021-10-18 15:00:00 SGT,1639,arpa,0.00930103,0.409543656833,3952178.095338398125,9134429.907070780173,matched_exact_symbol_unique
HEMI,3,"Binance, Bybit, Hyperliquid",2025-08-29T04:30:00+00:00,2025-08-29 12:30:00 SGT,228.1,hemi,0.00704786,0.3606976323,6452977.833561114036,6893724.030559135601,matched_exact_symbol_unique
HFT,3,"Binance, Bitget, Bybit",2023-03-14T06:45:49+00:00,2023-03-14 14:45:49 SGT,1127,hashflow,0.01347098,0.356124061952,2146869.410011089407,10580078.398174414411,matched_exact_symbol_unique
HEI,2,"Binance, Bybit",2025-02-13T09:00:00+00:00,2025-02-13 17:00:00 SGT,424.9,heima,0.088749,0.307403232521,1974816.325623291079,7810880.143686590716,matched_exact_symbol_unique
BAS,2,"Binance, Bitget",2025-08-26T13:30:00+00:00,2025-08-26 21:30:00 SGT,230.8,bas,0.00662275,0.150428004185,5045131.676752585918,16668502.261804789305,matched_exact_symbol_unique
RLUSD,1,Bybit,2025-09-26T14:05:35+00:00,2025-09-26 22:05:35 SGT,199.7,ripple-usd,0.99992,-0.011862465801,132489122.276749297976,1441715106.741112470627,matched_exact_symbol_unique
SKYAI,2,"Binance, Bitget",2025-05-13T09:45:00+00:00,2025-05-13 17:45:00 SGT,335.9,skyai,0.121377,-0.035480883756,17824204.63556368649,121488362.298134922981,matched_exact_symbol_unique
PARTI,4,"Binance, Bitget, Bybit, OKX",2025-03-25T13:00:00+00:00,2025-03-25 21:00:00 SGT,384.8,particle-network,0.04453915,-0.087636781899,22287581.078256491572,10382805.369356023148,matched_exact_symbol_unique
MANTA,4,"Binance, Bitget, Bybit, Hyperliquid",2024-01-18T11:02:58+00:00,2024-01-18 19:02:58 SGT,816.9,manta-network,0.064841,-0.151807205076,5910606.876967647113,30188849.89157468453,matched_exact_symbol_unique
CKB,3,"Binance, Bitget, Bybit",2022-02-15T04:59:08+00:00,2022-02-15 12:59:08 SGT,1519.1,nervos-network,0.00148469,-0.16030421343,4908499.751042410731,72119161.681128308177,matched_exact_symbol_unique
VANRY,3,"Binance, Bitget, Bybit",2024-03-13T17:30:00+00:00,2024-03-14 01:30:00 SGT,761.6,vanar-chain,0.00503526,-0.229246274423,2247489.824231085368,10826416.334951976314,matched_exact_symbol_unique
SYRUP,6,"Binance, Bitget, Bybit, dYdX, Hyperliquid, OKX",2025-05-07T08:30:00+00:00,2025-05-07 16:30:00 SGT,342,syrup,0.226215,-0.234650022301,12239050.875519113615,262369305.842148035765,matched_exact_symbol_unique
SOSO,1,Bybit,2025-06-26T11:07:59+00:00,2025-06-26 19:07:59 SGT,291.9,sosovalue,0.403269,-0.478716660247,4297154.681198737584,125898265.408320069313,matched_exact_symbol_unique
RECALL,4,"Binance, Bitget, Bybit, OKX",2025-10-15T12:21:09+00:00,2025-10-15 20:21:09 SGT,180.8,recall,0.04598982,-0.500753678397,10478363.129736585543,11369267.912310682237,matched_exact_symbol_unique
JTO,6,"Binance, Bitget, Bybit, dYdX, Hyperliquid, OKX",2023-12-07T19:50:19+00:00,2023-12-08 03:50:19 SGT,858.5,jito-governance-token,0.315562,-0.517649258901,54739506.678001731634,144814506.89867118001,matched_exact_symbol_unique
RESOLV,5,"Binance, Bitget, Bybit, Hyperliquid, OKX",2025-06-10T13:11:39+00:00,2025-06-10 21:11:39 SGT,307.8,resolv,0.03815511,-0.581238627659,14570206.528947690502,14778530.413189468905,matched_exact_symbol_unique
PUFFER,1,Bybit,2024-10-14T12:37:01+00:00,2024-10-14 20:37:01 SGT,546.8,puffer-finance,0.02424246,-0.581877320206,4933310.910410444252,10606561.460697900504,matched_exact_symbol_unique
ACH,4,"Binance, Bitget, Bybit, OKX",2022-04-08T08:07:37+00:00,2022-04-08 16:07:37 SGT,1467,alchemy-pay,0.00616758,-0.625285262142,9262080.713735785335,30485212.87714555487,matched_exact_symbol_unique
SCRT,3,"Binance, Bitget, Bybit",2022-03-30T09:50:43+00:00,2022-03-30 17:50:43 SGT,1475.9,secret,0.09106,-0.626074214345,1939125.189454272855,30727869.047197192907,matched_exact_symbol_unique
B3,3,"Binance, Bitget, Bybit",2025-02-12T10:16:21+00:00,2025-02-12 18:16:21 SGT,425.9,b3,0.00031207,-0.655870776916,1473242.764806953724,28420425.059253599495,matched_exact_symbol_unique
SAPIEN,4,"Binance, Bitget, Bybit, OKX",2025-08-20T17:19:38+00:00,2025-08-21 01:19:38 SGT,236.6,sapien-2,0.074045,-0.813580137039,5118892.519230976701,18475808.867122288793,matched_exact_symbol_unique
DUSK,2,"Binance, Bybit",2021-12-16T16:45:30+00:00,2021-12-17 00:45:30 SGT,1579.6,dusk-network,0.149502,-0.975283313621,15621752.05830299668,74786189.269224107265,matched_exact_symbol_unique
MELANIA,4,"Binance, Bitget, Bybit, Hyperliquid",2025-01-20T05:13:39+00:00,2025-01-20 13:13:39 SGT,449.1,melania-meme,0.102197,-0.989749803951,25109362.51460846141,97150791.173908621073,matched_exact_symbol_unique
BICO,4,"Binance, Bitget, Bybit, OKX",2021-12-02T11:40:17+00:00,2021-12-02 19:40:17 SGT,1593.8,biconomy,0.02113654,-1.072389710931,3012871.133203778882,15357403.027121886611,matched_exact_symbol_unique
BLUR,6,"Binance, Bitget, Bybit, dYdX, Hyperliquid, OKX",2023-02-15T02:33:07+00:00,2023-02-15 10:33:07 SGT,1154.2,blur,0.02110707,-1.236318338949,19382449.778433006257,58575767.975067488849,matched_exact_symbol_unique
KERNEL,3,"Binance, Bitget, Bybit",2025-04-14T12:00:00+00:00,2025-04-14 20:00:00 SGT,364.8,kernel-2,0.083832,-1.361221824797,13375669.232933046296,23991915.94710194692,matched_exact_symbol_unique
IRYS,3,"Binance, Bitget, Bybit",2025-11-26T16:00:00+00:00,2025-11-27 00:00:00 SGT,138.7,irys,0.03142333,-1.364889455723,28467216.91403356567,63278352.716411098838,matched_exact_symbol_unique
MAGMA,3,"Binance, Bitget, Bybit",2025-12-26T07:06:53+00:00,2025-12-26 15:06:53 SGT,109,magma-finance,0.182921,-1.464148473283,4826105.745108833537,34755074.577718816698,matched_exact_symbol_unique
CTSI,2,"Binance, Bitget",2021-10-25T07:00:00+00:00,2021-10-25 15:00:00 SGT,1632,cartesi,0.03052763,-1.508466402701,13375776.880853194743,27780266.753536149859,matched_exact_symbol_unique
YB,4,"Binance, Bitget, Bybit, OKX",2025-10-10T14:45:00+00:00,2025-10-10 22:45:00 SGT,185.7,yield-basis,0.112333,-1.541227251168,19897196.967974964529,9888697.040357241407,matched_exact_symbol_unique
OXT,2,"Binance, Bybit",2023-08-10T04:52:51+00:00,2023-08-10 12:52:51 SGT,978.1,orchid-protocol,0.01056583,-1.668936432634,2330310.852628728841,6234727.081628682092,matched_exact_symbol_unique
CAMP,1,Bybit,2025-08-28T08:31:42+00:00,2025-08-28 16:31:42 SGT,229,camp-network,0.00212296,-1.754541363662,3789962.078152294271,4432558.04330461286,matched_exact_symbol_unique
GUN,3,"Binance, Bitget, Bybit",2025-03-31T13:00:00+00:00,2025-03-31 21:00:00 SGT,378.8,gunz,0.01557517,-2.001315899745,6439564.608841776848,26947630.063187621534,matched_exact_symbol_unique
ONG,3,"Binance, Bitget, Bybit",2023-11-27T13:00:00+00:00,2023-11-27 21:00:00 SGT,868.8,ong,0.085959,-2.4586032656,7820512.228454461321,40203866.702993646264,matched_exact_symbol_unique
ICNT,3,"Binance, Bitget, Bybit",2025-07-03T11:00:16+00:00,2025-07-03 19:00:16 SGT,284.9,impossible-cloud-network-token,0.270091,-2.510623660708,5610405.277477080002,68338880.75015860796,matched_exact_symbol_unique
BASED,4,"Binance, Bitget, Bybit, OKX",2026-03-30T08:23:42+00:00,2026-03-30 16:23:42 SGT,15,based-one,0.064057,-2.830355306703,208595514.038046687841,15035863.494797671214,matched_override_map
SIREN,3,"Binance, Bitget, Bybit",2025-03-22T03:20:42+00:00,2025-03-22 11:20:42 SGT,388.2,siren-2,0.761348,-3.21421952965,18092181.15193233639,552421270.210015296936,matched_exact_symbol_unique
CATI,4,"Binance, Bitget, Bybit, Hyperliquid",2024-09-09T08:15:12+00:00,2024-09-09 16:15:12 SGT,582,catizen,0.04690466,-3.458472606547,5957322.644659744576,19341596.288471132517,matched_exact_symbol_unique
EDGE,4,"Binance, Bitget, Bybit, OKX",2026-03-19T14:00:00+00:00,2026-03-19 22:00:00 SGT,25.7,edgex,0.869061,-3.656922628123,109602579.71484388411,305269893.890996098518,matched_override_map
DRIFT,4,"Binance, Bitget, Bybit, dYdX",2024-05-21T09:32:48+00:00,2024-05-21 17:32:48 SGT,692.9,drift-protocol,0.04530229,-3.71491701924,21956122.36858362332,27703065.537179127336,matched_exact_symbol_unique
PRL,3,"Binance, Bitget, Bybit",2026-03-27T04:50:57+00:00,2026-03-27 12:50:57 SGT,18.1,perle,0.175631,-3.725000202222,5442672.097282964736,30747303.881949532777,matched_override_map
ILV,4,"Binance, Bitget, Bybit, Hyperliquid",2021-11-26T00:00:00+00:00,2021-11-26 08:00:00 SGT,1600.3,illuvium,4.2,-3.772012468412,4440437.129597732797,34778260.765384078026,matched_exact_symbol_unique
XION,1,Bybit,2024-12-05T10:20:14+00:00,2024-12-05 18:20:14 SGT,494.9,xion-2,0.112215,-4.204558109467,3979641.480484268162,8116705.979264014401,matched_exact_symbol_unique
ROAM,1,Bybit,2025-03-07T07:40:31+00:00,2025-03-07 15:40:31 SGT,403,roam-token,0.01990374,-4.537051307939,1014203.597350777476,6810528.416371949948,matched_exact_symbol_unique
SIGN,4,"Binance, Bitget, Bybit, OKX",2025-04-28T11:00:00+00:00,2025-04-28 19:00:00 SGT,350.9,sign-global,0.03078043,-4.786250151313,29518393.96906427294,50585192.110606633127,matched_exact_symbol_unique
ACU,4,"Binance, Bitget, Bybit, OKX",2026-01-21T12:45:00+00:00,2026-01-21 20:45:00 SGT,82.8,acurast,0.09131,-4.916880297781,6129226.436205597594,22108745.614089626819,matched_exact_symbol_unique
RIVER,4,"Binance, Bitget, Bybit, OKX",2025-10-17T14:45:00+00:00,2025-10-17 22:45:00 SGT,178.7,river,8.18,-5.381002639081,35621856.744856253266,160179005.353974342346,matched_exact_symbol_unique
ESPORTS,3,"Binance, Bitget, Bybit",2025-07-29T10:00:00+00:00,2025-07-29 18:00:00 SGT,258.9,yooldo-games,0.422793,-5.542549281119,4527884.353761971928,64292744.74764303863,matched_exact_symbol_unique
SWARMS,2,"Binance, Bybit",2025-01-06T08:31:58+00:00,2025-01-06 16:31:58 SGT,463,swarms,0.01638878,-5.682313458587,5704928.676146938466,16430381.221094844863,matched_exact_symbol_unique
0G,5,"Binance, Bitget, Bybit, Hyperliquid, OKX",2025-09-17T15:45:00+00:00,2025-09-17 23:45:00 SGT,208.7,zero-gravity,0.589698,-5.774762920953,46086898.271545290947,125727569.487565785646,matched_exact_symbol_unique
GIGGLE,4,"Binance, Bitget, Bybit, OKX",2025-10-09T09:45:00+00:00,2025-10-09 17:45:00 SGT,186.9,giggle-fund,38.64,-6.708023155632,103683918.767381638288,38563005.477501057088,matched_exact_symbol_unique
MLN,3,"Binance, Bitget, Bybit",2025-03-31T08:45:00+00:00,2025-03-31 16:45:00 SGT,379,melon,3.09,-6.719803287332,4774436.422196811996,10179843.023315284401,matched_exact_symbol_unique
AIA,1,Binance,2026-01-20T11:15:00+00:00,2026-01-20 19:15:00 SGT,83.8,aia,0.113354,-7.619325313976,26550117.434241760522,11361884.568217076361,matched_exact_symbol_unique
ROBO,4,"Binance, Bitget, Bybit, OKX",2026-02-25T09:31:02+00:00,2026-02-25 17:31:02 SGT,47.9,robo-token-2,0.01930601,-8.255161515566,41055006.315691769123,43018667.916470907629,matched_exact_symbol_unique
IR,2,"Binance, Bitget",2025-12-21T10:30:00+00:00,2025-12-21 18:30:00 SGT,113.9,infrared-finance,0.04292552,-9.752588096043,6268745.639833197929,8799731.039878556505,matched_exact_symbol_unique
NAORIS,3,"Binance, Bitget, Bybit",2025-07-31T12:14:10+00:00,2025-07-31 20:14:10 SGT,256.8,naoris,0.056132,-10.192814028407,1943532.007491237251,33618061.134549699724,matched_exact_symbol_unique
SYS,1,Binance,2024-08-19T12:30:00+00:00,2024-08-19 20:30:00 SGT,602.8,syscoin,0.00900198,-12.478311006828,3184272.109167584684,7888063.126126592979,matched_exact_symbol_unique
TRIA,4,"Binance, Bitget, Bybit, OKX",2026-02-05T07:30:00+00:00,2026-02-05 15:30:00 SGT,68,tria,0.02352246,-13.800515702335,8428514.618792206049,51054275.593364037573,matched_exact_symbol_unique
GRIFFAIN,4,"Binance, Bitget, Bybit, Hyperliquid",2024-12-20T08:39:59+00:00,2024-12-20 16:39:59 SGT,480,griffain,0.01377342,-14.248348164916,3098867.716408461332,13795965.860700005665,matched_exact_symbol_unique
OFC,1,OKX,2026-04-09T11:00:00+00:00,2026-04-09 19:00:00 SGT,4.9,onefootball-club,0.04888451,-17.877384457952,14076229.921937139705,7880056.081809043884,matched_exact_symbol_unique
4,3,"Binance, Bitget, Bybit",2025-10-08T11:30:00+00:00,2025-10-08 19:30:00 SGT,187.8,4-2,0.01134252,-18.023893829016,4955998.957658211701,11341453.487606860697,matched_exact_symbol_unique
FIO,2,"Binance, Bybit",2024-09-20T11:30:00+00:00,2024-09-20 19:30:00 SGT,570.8,fio-protocol,0.00302937,-19.311861820781,5990209.848721955903,2574085.503486257978,matched_exact_symbol_unique
TRADOOR,1,Binance,2025-09-19T12:30:00+00:00,2025-09-19 20:30:00 SGT,206.8,tradoor,4.14,-28.46048464357,119128445.557824239135,59784468.650891199708,matched_exact_symbol_unique
